{"Lst": 0, "phi": 39.569739942363285, "Lloc": 2.671081012824496, "gamma": 0, "beta": 30, "area": 4, "theta": [0, 0, 0, 0, 0, 0, 0, 0, 0, 0, 0, 0, 0, 0, 0, 0]}