PVGIS data,
,
Value,Monocristaline
u0,30.02
u1,6.28
eff,0.200000
k1,-0.017237
k2,-0.040465
k3,-0.004702
k4,0.000149
k5,0.000170
k6,0.000005
